Motor,RequestedCrossover_radps,Kp,Error_percent,Overshoot_percent,FinalVariation_mps,IAE_m,Feasible
1,20,0.0686514642289743,13.4842181651237,0,0,0.0413531659358851,0
2,20,0.0400810642301618,18.6614657466667,0,0,0.0553893417980871,0
1,23.7081822295431,0.0811044146667634,11.655129001842,0,0,0.0357915088367944,0
2,23.7081822295431,0.0471558037099616,16.3185856406604,0,0,0.0484986695085057,0
1,28.1038952314611,0.0959168225759822,10.0358660933575,0,0,0.0308500246508748,0
2,28.1038952314611,0.0556004758686147,14.1918408110093,0,0,0.0422232642950013,0
1,33.3146134753733,0.113523974139398,8.61341007675193,0,0,0.0264953102131176,0
2,33.3146134753733,0.0656637183392315,12.2840544237936,0,0,0.0365774145184685,0
1,39.491446359047,0.134445708935048,7.37184674770118,0,0,0.022683814332662,0
2,39.491446359047,0.0776427721797265,10.5895150435619,0,0,0.031549534699923,0
1,46.8135203394256,0.159303943731404,6.29392356947846,0,0,0.0193666920546504,0
2,46.8135203394256,0.0918935233460996,9.09669101291971,0,0,0.0271099490123362,0
1,55.4931735506761,0.188844733428604,5.3621648074425,0,0,0.0164933828574704,0
2,55.4931735506761,0.108843069731308,7.79047035449353,0,0,0.0232174619303105,0
1,65.7821135517544,0.223966567339874,4.55962555401469,0,0,0.0140141071491836,0
2,65.7821135517544,0.129005765452017,6.65389202753645,0,0,0.0198245406974885,0
1,77.9787167764744,0.26575746574806,3.87036614878014,0,0,0.011881500367373,0
2,77.9787167764744,0.153004165147743,5.66941106140312,0,0,0.0168811776562562,0
1,92.4366813681291,0.315544826063001,3.279719646173,0,0,0.0100857989231517,0
2,92.4366813681291,0.181597046381389,4.81977326972934,0,0,0.0143376172128852,0
1,109.575284328491,0.37496418404546,2.77441246996808,0,0,0.00858524952964808,0
2,109.575284328491,0.215717900084629,4.08858263120354,0,0,0.0121461697824895,0
1,129.891540435692,0.446056598948526,2.34258571467064,0,0,0.00732062594987597,0
2,129.891540435692,0.256529220151439,3.46063850400223,0,0,0.0102623290205437,0
1,153.974615536273,0.531410008016403,1.97375336332363,0,0,0.00625252674241594,1
2,153.974615536273,0.305501017842783,2.92210843655026,0,0,0.00866616675109591,0
1,182.52291219289,0.634368776946363,1.65872456144453,0.644988946221614,0,0.00535361087477306,1
2,182.52291219289,0.364526877211003,2.46058982774151,1.15830492701278,0,0.00733830541806185,0
1,216.364323166796,0.759349465837423,1.38950995765262,2.86640997694135,0,0.00460952634761797,1
2,216.364323166796,0.436098495053463,2.0651021603716,4.82468865650647,0,0.00624268594280523,0
1,256.480240080507,0.912321839626166,1.15922650434579,4.96021400682217,0,0.00397979740632217,1
2,256.480240080507,0.52357133310021,1.72604154308548,8.45036188389778,0,0.00531480489857252,1
1,304.034013505281,1.10154542388311,0.96201012870839,6.86796462971687,0,0.0034415538465042,1
2,304.034013505281,0.631571527774551,1.43512029928278,12.0331364758171,0,0.00452217716017497,1
1,360.404689808127,1.33869745518059,0.792940096733807,8.82513433210413,0,0.00298498795352315,1
2,360.404689808127,0.766619928019031,1.18530491382379,14.8107324612779,0,0.00384655637493724,1
1,427.227003117651,1.64059395093403,0.647971450142365,10.0223020692375,0,0.00260075251343956,1
2,427.227003117651,0.938086604260059,0.970754008084898,17.5286326300577,0,0.0032849540124552,0
1,506.438782164742,2.03180408641676,0.523862513808718,11.4570319742502,6.80011602582908e-16,0.00230699601255317,1
2,506.438782164742,1.15964528549853,0.786743552026556,19.2363186743819,6.66133814775094e-16,0.00284760385319057,0
1,600.337146783478,2.54862040157733,0.41807634374065,12.2712612232853,1.65964464393653e-13,0.00245422543648351,1
2,600.337146783478,1.45148904253416,0.629552767107106,21.4393650875447,1.31838984174237e-15,0.00297313844493085,0
